Model,RMSE,MAE,Peak Timing Error (Weeks)
Classical SIR,0.001411069938243187,0.0012931099133283803,0
Latent Neural ODE,0.00909134919724355,0.009073789231479168,0
Hybrid UDE,0.005529431648617929,0.0021422221325337887,0
