{"beta": 1.9352465823520764, "gamma": 1.9063571821788405, "R0": 1.0151542430995104, "rmse": 7.771761998024784e-06, "mae": 4.5856424718434045e-06}